{
  "glass": {
    "precision": 0.8440860215053764,
    "recall": 0.6977777777777778,
    "f1-score": 0.7639902676399026,
    "support": 225.0
  },
  "metal": {
    "precision": 0.7039473684210527,
    "recall": 0.7985074626865671,
    "f1-score": 0.7482517482517482,
    "support": 134.0
  },
  "organic": {
    "precision": 0.825,
    "recall": 0.9295774647887324,
    "f1-score": 0.8741721854304636,
    "support": 71.0
  },
  "paper": {
    "precision": 0.8214285714285714,
    "recall": 0.8341968911917098,
    "f1-score": 0.8277634961439588,
    "support": 193.0
  },
  "plastic": {
    "precision": 0.7660550458715596,
    "recall": 0.7990430622009569,
    "f1-score": 0.7822014051522248,
    "support": 209.0
  },
  "accuracy": 0.7908653846153846,
  "macro avg": {
    "precision": 0.792103401445312,
    "recall": 0.8118205317291487,
    "f1-score": 0.7992758205236596,
    "support": 832.0
  },
  "weighted avg": {
    "precision": 0.7950294724519242,
    "recall": 0.7908653846153846,
    "f1-score": 0.7902262236573008,
    "support": 832.0
  }
}