{
  "train_loss": [
    1.3658143988521962,
    1.268107334314041,
    1.2099459399208505,
    1.2140044107037071,
    1.1721657905910319,
    1.0898848983772707,
    1.0634245934917392,
    1.0577289384289603,
    1.0280684868782484,
    0.9802952338545791,
    0.9622659261578868,
    0.9301337540662359,
    0.9273382142530193,
    0.8819376325038866,
    0.8819760514615221,
    0.848673190774827,
    0.7856959664157852,
    0.7582584984507229,
    0.7405583004849303,
    0.7293759685139571,
    0.7158832640710487,
    0.7067954523163682,
    0.6979803493322606,
    0.6831183767757644,
    0.6650573681144489
  ],
  "train_acc": [
    0.42236306020823905,
    0.477289874754791,
    0.510034706503697,
    0.4981137769729893,
    0.5169760072430964,
    0.560736381469745,
    0.5685830692621096,
    0.5794477138976912,
    0.5980081484834767,
    0.6164176852271013,
    0.6309038780745435,
    0.6393541572355516,
    0.6487098234495247,
    0.6677229515617926,
    0.6698355213520447,
    0.6788893918816961,
    0.710728836577637,
    0.7185755243700015,
    0.7237060510034706,
    0.7345706956390523,
    0.7354760826920175,
    0.7383431416930738,
    0.7428700769578995,
    0.7466425230119209,
    0.7582616568583069
  ],
  "val_loss": [
    1.275693634231789,
    1.1993098680389995,
    1.2693873386983432,
    1.1846594784508029,
    1.2863693266168923,
    1.0445113029087427,
    1.014777162894787,
    1.1664075894736783,
    0.9956044636973457,
    1.0631057673447357,
    0.9052414140747477,
    0.8595964163902596,
    0.8164851309023526,
    0.9861387125516342,
    0.9101828198167371,
    0.8583158505742255,
    0.7526119882488943,
    0.7002276883575588,
    0.7995878488330518,
    0.6926547716085327,
    0.7019303480014385,
    0.6016803542580501,
    0.6383310568679043,
    0.6696356859680527,
    0.641580080004639
  ],
  "val_acc": [
    0.46973365617433416,
    0.5072639225181598,
    0.5012106537530266,
    0.4975786924939467,
    0.5060532687651331,
    0.5944309927360775,
    0.6029055690072639,
    0.5472154963680388,
    0.6077481840193705,
    0.5968523002421308,
    0.662227602905569,
    0.6694915254237288,
    0.6828087167070218,
    0.6162227602905569,
    0.6501210653753027,
    0.6682808716707022,
    0.7094430992736077,
    0.7312348668280871,
    0.7167070217917676,
    0.7457627118644068,
    0.7372881355932204,
    0.7893462469733656,
    0.7651331719128329,
    0.7481840193704601,
    0.7445520581113801
  ]
}